postcode,state,statistic_area
800,NT,Darwin
810,NT,Darwin
812,NT,Darwin
820,NT,Darwin
822,NT,Rest of NT
828,NT,Darwin
829,NT,Darwin
830,NT,Darwin
832,NT,Darwin
834,NT,Darwin
835,NT,Darwin
836,NT,Darwin
837,NT,Darwin
838,NT,Darwin
839,NT,Darwin
840,NT,Rest of NT
841,NT,Darwin
845,NT,Rest of NT
846,NT,Rest of NT
847,NT,Rest of NT
850,NT,Rest of NT
852,NT,Rest of NT
853,NT,Rest of NT
854,NT,Rest of NT
860,NT,Rest of NT
862,NT,Rest of NT
870,NT,Rest of NT
872,NT,Rest of NT
872,SA,Rest of SA
872,WA,Rest of WA
873,NT,Rest of NT
874,NT,Rest of NT
875,NT,Rest of NT
880,NT,Rest of NT
885,NT,Rest of NT
886,NT,Rest of NT
2000,NSW,Sydney
2007,NSW,Sydney
2008,NSW,Sydney
2009,NSW,Sydney
2010,NSW,Sydney
2011,NSW,Sydney
2015,NSW,Sydney
2016,NSW,Sydney
2017,NSW,Sydney
2018,NSW,Sydney
2019,NSW,Sydney
2020,NSW,Sydney
2021,NSW,Sydney
2022,NSW,Sydney
2023,NSW,Sydney
2024,NSW,Sydney
2025,NSW,Sydney
2026,NSW,Sydney
2027,NSW,Sydney
2028,NSW,Sydney
2029,NSW,Sydney
2030,NSW,Sydney
2031,NSW,Sydney
2032,NSW,Sydney
2033,NSW,Sydney
2034,NSW,Sydney
2035,NSW,Sydney
2036,NSW,Sydney
2037,NSW,Sydney
2038,NSW,Sydney
2039,NSW,Sydney
2040,NSW,Sydney
2041,NSW,Sydney
2042,NSW,Sydney
2043,NSW,Sydney
2044,NSW,Sydney
2045,NSW,Sydney
2046,NSW,Sydney
2047,NSW,Sydney
2048,NSW,Sydney
2049,NSW,Sydney
2050,NSW,Sydney
2060,NSW,Sydney
2061,NSW,Sydney
2062,NSW,Sydney
2063,NSW,Sydney
2064,NSW,Sydney
2065,NSW,Sydney
2066,NSW,Sydney
2067,NSW,Sydney
2068,NSW,Sydney
2069,NSW,Sydney
2070,NSW,Sydney
2071,NSW,Sydney
2072,NSW,Sydney
2073,NSW,Sydney
2074,NSW,Sydney
2075,NSW,Sydney
2076,NSW,Sydney
2077,NSW,Sydney
2079,NSW,Sydney
2080,NSW,Sydney
2081,NSW,Sydney
2082,NSW,Sydney
2083,NSW,Sydney
2084,NSW,Sydney
2085,NSW,Sydney
2086,NSW,Sydney
2087,NSW,Sydney
2088,NSW,Sydney
2089,NSW,Sydney
2090,NSW,Sydney
2092,NSW,Sydney
2093,NSW,Sydney
2094,NSW,Sydney
2095,NSW,Sydney
2096,NSW,Sydney
2097,NSW,Sydney
2099,NSW,Sydney
2100,NSW,Sydney
2101,NSW,Sydney
2102,NSW,Sydney
2103,NSW,Sydney
2104,NSW,Sydney
2105,NSW,Sydney
2106,NSW,Sydney
2107,NSW,Sydney
2108,NSW,Sydney
2110,NSW,Sydney
2111,NSW,Sydney
2112,NSW,Sydney
2113,NSW,Sydney
2114,NSW,Sydney
2115,NSW,Sydney
2116,NSW,Sydney
2117,NSW,Sydney
2118,NSW,Sydney
2119,NSW,Sydney
2120,NSW,Sydney
2121,NSW,Sydney
2122,NSW,Sydney
2125,NSW,Sydney
2126,NSW,Sydney
2127,NSW,Sydney
2128,NSW,Sydney
2130,NSW,Sydney
2131,NSW,Sydney
2132,NSW,Sydney
2133,NSW,Sydney
2134,NSW,Sydney
2135,NSW,Sydney
2136,NSW,Sydney
2137,NSW,Sydney
2138,NSW,Sydney
2140,NSW,Sydney
2141,NSW,Sydney
2142,NSW,Sydney
2143,NSW,Sydney
2144,NSW,Sydney
2145,NSW,Sydney
2146,NSW,Sydney
2147,NSW,Sydney
2148,NSW,Sydney
2150,NSW,Sydney
2151,NSW,Sydney
2152,NSW,Sydney
2153,NSW,Sydney
2154,NSW,Sydney
2155,NSW,Sydney
2156,NSW,Sydney
2157,NSW,Sydney
2158,NSW,Sydney
2159,NSW,Sydney
2160,NSW,Sydney
2161,NSW,Sydney
2162,NSW,Sydney
2163,NSW,Sydney
2164,NSW,Sydney
2165,NSW,Sydney
2166,NSW,Sydney
2167,NSW,Sydney
2168,NSW,Sydney
2170,NSW,Sydney
2171,NSW,Sydney
2172,NSW,Sydney
2173,NSW,Sydney
2174,NSW,Sydney
2175,NSW,Sydney
2176,NSW,Sydney
2177,NSW,Sydney
2178,NSW,Sydney
2179,NSW,Sydney
2190,NSW,Sydney
2191,NSW,Sydney
2192,NSW,Sydney
2193,NSW,Sydney
2194,NSW,Sydney
2195,NSW,Sydney
2196,NSW,Sydney
2197,NSW,Sydney
2198,NSW,Sydney
2199,NSW,Sydney
2200,NSW,Sydney
2203,NSW,Sydney
2204,NSW,Sydney
2205,NSW,Sydney
2206,NSW,Sydney
2207,NSW,Sydney
2208,NSW,Sydney
2209,NSW,Sydney
2210,NSW,Sydney
2211,NSW,Sydney
2212,NSW,Sydney
2213,NSW,Sydney
2214,NSW,Sydney
2216,NSW,Sydney
2217,NSW,Sydney
2218,NSW,Sydney
2219,NSW,Sydney
2220,NSW,Sydney
2221,NSW,Sydney
2222,NSW,Sydney
2223,NSW,Sydney
2224,NSW,Sydney
2225,NSW,Sydney
2226,NSW,Sydney
2227,NSW,Sydney
2228,NSW,Sydney
2229,NSW,Sydney
2230,NSW,Sydney
2231,NSW,Sydney
2232,NSW,Sydney
2233,NSW,Sydney
2234,NSW,Sydney
2250,NSW,Rest of NSW
2251,NSW,Sydney
2256,NSW,Sydney
2257,NSW,Sydney
2258,NSW,Sydney
2259,NSW,Rest of NSW
2260,NSW,Sydney
2261,NSW,Sydney
2262,NSW,Sydney
2263,NSW,Sydney
2264,NSW,Rest of NSW
2265,NSW,Rest of NSW
2267,NSW,Rest of NSW
2278,NSW,Rest of NSW
2280,NSW,Rest of NSW
2281,NSW,Rest of NSW
2282,NSW,Rest of NSW
2283,NSW,Rest of NSW
2284,NSW,Rest of NSW
2285,NSW,Rest of NSW
2286,NSW,Rest of NSW
2287,NSW,Rest of NSW
2289,NSW,Rest of NSW
2290,NSW,Rest of NSW
2291,NSW,Rest of NSW
2292,NSW,Rest of NSW
2293,NSW,Rest of NSW
2294,NSW,Rest of NSW
2295,NSW,Rest of NSW
2296,NSW,Rest of NSW
2297,NSW,Rest of NSW
2298,NSW,Rest of NSW
2299,NSW,Rest of NSW
2300,NSW,Rest of NSW
2302,NSW,Rest of NSW
2303,NSW,Rest of NSW
2304,NSW,Rest of NSW
2305,NSW,Rest of NSW
2306,NSW,Rest of NSW
2307,NSW,Rest of NSW
2308,NSW,Rest of NSW
2311,NSW,Rest of NSW
2312,NSW,Rest of NSW
2314,NSW,Rest of NSW
2315,NSW,Rest of NSW
2316,NSW,Rest of NSW
2317,NSW,Rest of NSW
2318,NSW,Rest of NSW
2319,NSW,Rest of NSW
2320,NSW,Rest of NSW
2321,NSW,Rest of NSW
2322,NSW,Rest of NSW
2323,NSW,Rest of NSW
2324,NSW,Rest of NSW
2325,NSW,Rest of NSW
2326,NSW,Rest of NSW
2327,NSW,Rest of NSW
2328,NSW,Rest of NSW
2329,NSW,Rest of NSW
2330,NSW,Rest of NSW
2331,NSW,Rest of NSW
2333,NSW,Rest of NSW
2334,NSW,Rest of NSW
2335,NSW,Rest of NSW
2336,NSW,Rest of NSW
2337,NSW,Rest of NSW
2338,NSW,Rest of NSW
2339,NSW,Rest of NSW
2340,NSW,Rest of NSW
2341,NSW,Rest of NSW
2342,NSW,Rest of NSW
2343,NSW,Rest of NSW
2344,NSW,Rest of NSW
2345,NSW,Rest of NSW
2346,NSW,Rest of NSW
2347,NSW,Rest of NSW
2350,NSW,Rest of NSW
2352,NSW,Rest of NSW
2353,NSW,Rest of NSW
2354,NSW,Rest of NSW
2355,NSW,Rest of NSW
2356,NSW,Rest of NSW
2357,NSW,Rest of NSW
2358,NSW,Rest of NSW
2359,NSW,Rest of NSW
2360,NSW,Rest of NSW
2361,NSW,Rest of NSW
2365,NSW,Rest of NSW
2369,NSW,Rest of NSW
2370,NSW,Rest of NSW
2371,NSW,Rest of NSW
2372,NSW,Rest of NSW
2379,NSW,Rest of NSW
2380,NSW,Rest of NSW
2381,NSW,Rest of NSW
2382,NSW,Rest of NSW
2386,NSW,Rest of NSW
2387,NSW,Rest of NSW
2388,NSW,Rest of NSW
2390,NSW,Rest of NSW
2395,NSW,Rest of NSW
2396,NSW,Rest of NSW
2397,NSW,Rest of NSW
2398,NSW,Rest of NSW
2399,NSW,Rest of NSW
2400,NSW,Rest of NSW
2401,NSW,Rest of NSW
2402,NSW,Rest of NSW
2403,NSW,Rest of NSW
2404,NSW,Rest of NSW
2405,NSW,Rest of NSW
2406,NSW,Rest of NSW
2406,QLD,Rest of QLD
2408,NSW,Rest of NSW
2409,NSW,Rest of NSW
2410,NSW,Rest of NSW
2411,NSW,Rest of NSW
2415,NSW,Rest of NSW
2420,NSW,Rest of NSW
2421,NSW,Rest of NSW
2422,NSW,Rest of NSW
2423,NSW,Rest of NSW
2424,NSW,Rest of NSW
2425,NSW,Rest of NSW
2426,NSW,Rest of NSW
2427,NSW,Rest of NSW
2428,NSW,Rest of NSW
2429,NSW,Rest of NSW
2430,NSW,Rest of NSW
2431,NSW,Rest of NSW
2439,NSW,Rest of NSW
2440,NSW,Rest of NSW
2441,NSW,Rest of NSW
2443,NSW,Rest of NSW
2444,NSW,Rest of NSW
2445,NSW,Rest of NSW
2446,NSW,Rest of NSW
2447,NSW,Rest of NSW
2448,NSW,Rest of NSW
2449,NSW,Rest of NSW
2450,NSW,Rest of NSW
2452,NSW,Rest of NSW
2453,NSW,Rest of NSW
2454,NSW,Rest of NSW
2455,NSW,Rest of NSW
2456,NSW,Rest of NSW
2460,NSW,Rest of NSW
2462,NSW,Rest of NSW
2463,NSW,Rest of NSW
2464,NSW,Rest of NSW
2465,NSW,Rest of NSW
2466,NSW,Rest of NSW
2469,NSW,Rest of NSW
2470,NSW,Rest of NSW
2471,NSW,Rest of NSW
2472,NSW,Rest of NSW
2473,NSW,Rest of NSW
2474,NSW,Rest of NSW
2475,NSW,Rest of NSW
2476,NSW,Rest of NSW
2477,NSW,Rest of NSW
2478,NSW,Rest of NSW
2479,NSW,Rest of NSW
2480,NSW,Rest of NSW
2481,NSW,Rest of NSW
2482,NSW,Rest of NSW
2483,NSW,Rest of NSW
2484,NSW,Rest of NSW
2485,NSW,Rest of NSW
2486,NSW,Rest of NSW
2487,NSW,Rest of NSW
2488,NSW,Rest of NSW
2489,NSW,Rest of NSW
2490,NSW,Rest of NSW
2500,NSW,Rest of NSW
2502,NSW,Rest of NSW
2505,NSW,Rest of NSW
2506,NSW,Rest of NSW
2508,NSW,Rest of NSW
2515,NSW,Rest of NSW
2516,NSW,Rest of NSW
2517,NSW,Rest of NSW
2518,NSW,Rest of NSW
2519,NSW,Rest of NSW
2525,NSW,Rest of NSW
2526,NSW,Rest of NSW
2527,NSW,Rest of NSW
2528,NSW,Rest of NSW
2529,NSW,Rest of NSW
2530,NSW,Rest of NSW
2533,NSW,Rest of NSW
2534,NSW,Rest of NSW
2535,NSW,Rest of NSW
2536,NSW,Rest of NSW
2537,NSW,Rest of NSW
2538,NSW,Rest of NSW
2539,NSW,Rest of NSW
2540,NSW,Rest of NSW
2541,NSW,Rest of NSW
2545,NSW,Rest of NSW
2546,NSW,Rest of NSW
2548,NSW,Rest of NSW
2549,NSW,Rest of NSW
2550,NSW,Rest of NSW
2551,NSW,Rest of NSW
2555,NSW,Sydney
2556,NSW,Sydney
2557,NSW,Sydney
2558,NSW,Sydney
2559,NSW,Sydney
2560,NSW,Sydney
2563,NSW,Sydney
2564,NSW,Sydney
2565,NSW,Sydney
2566,NSW,Sydney
2567,NSW,Sydney
2568,NSW,Sydney
2569,NSW,Sydney
2570,NSW,Sydney
2571,NSW,Sydney
2572,NSW,Sydney
2573,NSW,Sydney
2574,NSW,Rest of NSW
2575,NSW,Rest of NSW
2576,NSW,Rest of NSW
2577,NSW,Rest of NSW
2578,NSW,Rest of NSW
2579,NSW,Rest of NSW
2580,NSW,Rest of NSW
2581,NSW,Rest of NSW
2582,NSW,Rest of NSW
2583,NSW,Rest of NSW
2584,NSW,Rest of NSW
2585,NSW,Rest of NSW
2586,NSW,Rest of NSW
2587,NSW,Rest of NSW
2588,NSW,Rest of NSW
2590,NSW,Rest of NSW
2594,NSW,Rest of NSW
2600,ACT,Australian Capital Territory
2601,ACT,Australian Capital Territory
2602,ACT,Australian Capital Territory
2603,ACT,Australian Capital Territory
2604,ACT,Australian Capital Territory
2605,ACT,Australian Capital Territory
2606,ACT,Australian Capital Territory
2607,ACT,Australian Capital Territory
2609,ACT,Australian Capital Territory
2611,ACT,Australian Capital Territory
2611,NSW,Rest of NSW
2612,ACT,Australian Capital Territory
2614,ACT,Australian Capital Territory
2615,ACT,Australian Capital Territory
2617,ACT,Australian Capital Territory
2618,ACT,Australian Capital Territory
2618,NSW,Rest of NSW
2619,NSW,Rest of NSW
2620,ACT,Australian Capital Territory
2620,NSW,Rest of NSW
2621,NSW,Rest of NSW
2622,NSW,Rest of NSW
2623,NSW,Rest of NSW
2626,NSW,Rest of NSW
2627,NSW,Rest of NSW
2628,NSW,Rest of NSW
2629,NSW,Rest of NSW
2630,NSW,Rest of NSW
2631,NSW,Rest of NSW
2632,NSW,Rest of NSW
2633,NSW,Rest of NSW
2640,NSW,Rest of NSW
2641,NSW,Rest of NSW
2642,NSW,Rest of NSW
2643,NSW,Rest of NSW
2644,NSW,Rest of NSW
2645,NSW,Rest of NSW
2646,NSW,Rest of NSW
2647,NSW,Rest of NSW
2648,NSW,Rest of NSW
2649,NSW,Rest of NSW
2650,NSW,Rest of NSW
2651,NSW,Rest of NSW
2652,NSW,Rest of NSW
2653,NSW,Rest of NSW
2655,NSW,Rest of NSW
2656,NSW,Rest of NSW
2658,NSW,Rest of NSW
2659,NSW,Rest of NSW
2660,NSW,Rest of NSW
2661,NSW,Rest of NSW
2663,NSW,Rest of NSW
2665,NSW,Rest of NSW
2666,NSW,Rest of NSW
2668,NSW,Rest of NSW
2669,NSW,Rest of NSW
2671,NSW,Rest of NSW
2672,NSW,Rest of NSW
2675,NSW,Rest of NSW
2678,NSW,Rest of NSW
2680,NSW,Rest of NSW
2681,NSW,Rest of NSW
2700,NSW,Rest of NSW
2701,NSW,Rest of NSW
2702,NSW,Rest of NSW
2703,NSW,Rest of NSW
2705,NSW,Rest of NSW
2706,NSW,Rest of NSW
2707,NSW,Rest of NSW
2710,NSW,Rest of NSW
2711,NSW,Rest of NSW
2712,NSW,Rest of NSW
2713,NSW,Rest of NSW
2714,NSW,Rest of NSW
2715,NSW,Rest of NSW
2716,NSW,Rest of NSW
2717,NSW,Rest of NSW
2720,NSW,Rest of NSW
2721,NSW,Rest of NSW
2722,NSW,Rest of NSW
2725,NSW,Rest of NSW
2726,NSW,Rest of NSW
2727,NSW,Rest of NSW
2729,NSW,Rest of NSW
2730,NSW,Rest of NSW
2731,NSW,Rest of NSW
2732,NSW,Rest of NSW
2733,NSW,Rest of NSW
2734,NSW,Rest of NSW
2735,NSW,Rest of NSW
2736,NSW,Rest of NSW
2737,NSW,Rest of NSW
2738,NSW,Rest of NSW
2739,NSW,Rest of NSW
2745,NSW,Sydney
2747,NSW,Sydney
2748,NSW,Sydney
2749,NSW,Sydney
2750,NSW,Sydney
2752,NSW,Sydney
2753,NSW,Sydney
2754,NSW,Sydney
2756,NSW,Sydney
2757,NSW,Sydney
2758,NSW,Sydney
2759,NSW,Sydney
2760,NSW,Sydney
2761,NSW,Sydney
2762,NSW,Sydney
2763,NSW,Sydney
2765,NSW,Sydney
2766,NSW,Sydney
2767,NSW,Sydney
2768,NSW,Sydney
2769,NSW,Sydney
2770,NSW,Sydney
2773,NSW,Sydney
2774,NSW,Sydney
2775,NSW,Sydney
2776,NSW,Sydney
2777,NSW,Sydney
2778,NSW,Sydney
2779,NSW,Sydney
2780,NSW,Sydney
2782,NSW,Sydney
2783,NSW,Sydney
2784,NSW,Sydney
2785,NSW,Sydney
2786,NSW,Sydney
2787,NSW,Rest of NSW
2790,NSW,Rest of NSW
2791,NSW,Rest of NSW
2792,NSW,Rest of NSW
2793,NSW,Rest of NSW
2794,NSW,Rest of NSW
2795,NSW,Rest of NSW
2797,NSW,Rest of NSW
2798,NSW,Rest of NSW
2799,NSW,Rest of NSW
2800,NSW,Rest of NSW
2803,NSW,Rest of NSW
2804,NSW,Rest of NSW
2805,NSW,Rest of NSW
2806,NSW,Rest of NSW
2807,NSW,Rest of NSW
2808,NSW,Rest of NSW
2809,NSW,Rest of NSW
2810,NSW,Rest of NSW
2817,NSW,Rest of NSW
2818,NSW,Rest of NSW
2820,NSW,Rest of NSW
2821,NSW,Rest of NSW
2822,NSW,Rest of NSW
2823,NSW,Rest of NSW
2824,NSW,Rest of NSW
2825,NSW,Rest of NSW
2826,NSW,Rest of NSW
2827,NSW,Rest of NSW
2828,NSW,Rest of NSW
2829,NSW,Rest of NSW
2830,NSW,Rest of NSW
2831,NSW,Rest of NSW
2832,NSW,Rest of NSW
2833,NSW,Rest of NSW
2834,NSW,Rest of NSW
2835,NSW,Rest of NSW
2836,NSW,Rest of NSW
2838,NSW,Rest of NSW
2839,NSW,Rest of NSW
2840,NSW,Rest of NSW
2842,NSW,Rest of NSW
2843,NSW,Rest of NSW
2844,NSW,Rest of NSW
2845,NSW,Rest of NSW
2846,NSW,Rest of NSW
2847,NSW,Rest of NSW
2848,NSW,Rest of NSW
2849,NSW,Rest of NSW
2850,NSW,Rest of NSW
2852,NSW,Rest of NSW
2864,NSW,Rest of NSW
2865,NSW,Rest of NSW
2866,NSW,Rest of NSW
2867,NSW,Rest of NSW
2868,NSW,Rest of NSW
2869,NSW,Rest of NSW
2870,NSW,Rest of NSW
2871,NSW,Rest of NSW
2873,NSW,Rest of NSW
2874,NSW,Rest of NSW
2875,NSW,Rest of NSW
2876,NSW,Rest of NSW
2877,NSW,Rest of NSW
2878,NSW,Rest of NSW
2879,NSW,Rest of NSW
2880,NSW,Rest of NSW
2898,NSW,Rest of NSW
2900,ACT,Australian Capital Territory
2902,ACT,Australian Capital Territory
2903,ACT,Australian Capital Territory
2904,ACT,Australian Capital Territory
2905,ACT,Australian Capital Territory
2906,ACT,Australian Capital Territory
2911,ACT,Australian Capital Territory
2912,ACT,Australian Capital Territory
2913,ACT,Australian Capital Territory
2914,ACT,Australian Capital Territory
3000,VIC,Melbourne
3002,VIC,Melbourne
3003,VIC,Melbourne
3006,VIC,Melbourne
3008,VIC,Melbourne
3011,VIC,Melbourne
3012,VIC,Melbourne
3013,VIC,Melbourne
3015,VIC,Melbourne
3016,VIC,Melbourne
3018,VIC,Melbourne
3019,VIC,Melbourne
3020,VIC,Melbourne
3021,VIC,Melbourne
3022,VIC,Melbourne
3023,VIC,Melbourne
3024,VIC,Melbourne
3025,VIC,Melbourne
3026,VIC,Melbourne
3027,VIC,Melbourne
3028,VIC,Melbourne
3029,VIC,Melbourne
3030,VIC,Melbourne
3031,VIC,Melbourne
3032,VIC,Melbourne
3033,VIC,Melbourne
3034,VIC,Melbourne
3036,VIC,Melbourne
3037,VIC,Melbourne
3038,VIC,Melbourne
3039,VIC,Melbourne
3040,VIC,Melbourne
3041,VIC,Melbourne
3042,VIC,Melbourne
3043,VIC,Melbourne
3044,VIC,Melbourne
3045,VIC,Melbourne
3046,VIC,Melbourne
3047,VIC,Melbourne
3048,VIC,Melbourne
3049,VIC,Melbourne
3051,VIC,Melbourne
3052,VIC,Melbourne
3053,VIC,Melbourne
3054,VIC,Melbourne
3055,VIC,Melbourne
3056,VIC,Melbourne
3057,VIC,Melbourne
3058,VIC,Melbourne
3059,VIC,Melbourne
3060,VIC,Melbourne
3061,VIC,Melbourne
3062,VIC,Melbourne
3063,VIC,Melbourne
3064,VIC,Melbourne
3065,VIC,Melbourne
3066,VIC,Melbourne
3067,VIC,Melbourne
3068,VIC,Melbourne
3070,VIC,Melbourne
3071,VIC,Melbourne
3072,VIC,Melbourne
3073,VIC,Melbourne
3074,VIC,Melbourne
3075,VIC,Melbourne
3076,VIC,Melbourne
3078,VIC,Melbourne
3079,VIC,Melbourne
3081,VIC,Melbourne
3082,VIC,Melbourne
3083,VIC,Melbourne
3084,VIC,Melbourne
3085,VIC,Melbourne
3087,VIC,Melbourne
3088,VIC,Melbourne
3089,VIC,Melbourne
3090,VIC,Melbourne
3091,VIC,Melbourne
3093,VIC,Melbourne
3094,VIC,Melbourne
3095,VIC,Melbourne
3096,VIC,Melbourne
3097,VIC,Melbourne
3099,VIC,Melbourne
3101,VIC,Melbourne
3102,VIC,Melbourne
3103,VIC,Melbourne
3104,VIC,Melbourne
3105,VIC,Melbourne
3106,VIC,Melbourne
3107,VIC,Melbourne
3108,VIC,Melbourne
3109,VIC,Melbourne
3111,VIC,Melbourne
3113,VIC,Melbourne
3114,VIC,Melbourne
3115,VIC,Melbourne
3116,VIC,Melbourne
3121,VIC,Melbourne
3122,VIC,Melbourne
3123,VIC,Melbourne
3124,VIC,Melbourne
3125,VIC,Melbourne
3126,VIC,Melbourne
3127,VIC,Melbourne
3128,VIC,Melbourne
3129,VIC,Melbourne
3130,VIC,Melbourne
3131,VIC,Melbourne
3132,VIC,Melbourne
3133,VIC,Melbourne
3134,VIC,Melbourne
3135,VIC,Melbourne
3136,VIC,Melbourne
3137,VIC,Melbourne
3138,VIC,Melbourne
3139,VIC,Melbourne
3140,VIC,Melbourne
3141,VIC,Melbourne
3142,VIC,Melbourne
3143,VIC,Melbourne
3144,VIC,Melbourne
3145,VIC,Melbourne
3146,VIC,Melbourne
3147,VIC,Melbourne
3148,VIC,Melbourne
3149,VIC,Melbourne
3150,VIC,Melbourne
3151,VIC,Melbourne
3152,VIC,Melbourne
3153,VIC,Melbourne
3154,VIC,Melbourne
3155,VIC,Melbourne
3156,VIC,Melbourne
3158,VIC,Melbourne
3159,VIC,Melbourne
3160,VIC,Melbourne
3161,VIC,Melbourne
3162,VIC,Melbourne
3163,VIC,Melbourne
3165,VIC,Melbourne
3166,VIC,Melbourne
3167,VIC,Melbourne
3168,VIC,Melbourne
3169,VIC,Melbourne
3170,VIC,Melbourne
3171,VIC,Melbourne
3172,VIC,Melbourne
3173,VIC,Melbourne
3174,VIC,Melbourne
3175,VIC,Melbourne
3177,VIC,Melbourne
3178,VIC,Melbourne
3179,VIC,Melbourne
3180,VIC,Melbourne
3181,VIC,Melbourne
3182,VIC,Melbourne
3183,VIC,Melbourne
3184,VIC,Melbourne
3185,VIC,Melbourne
3186,VIC,Melbourne
3187,VIC,Melbourne
3188,VIC,Melbourne
3189,VIC,Melbourne
3190,VIC,Melbourne
3191,VIC,Melbourne
3192,VIC,Melbourne
3193,VIC,Melbourne
3194,VIC,Melbourne
3195,VIC,Melbourne
3196,VIC,Melbourne
3197,VIC,Melbourne
3198,VIC,Melbourne
3199,VIC,Melbourne
3200,VIC,Melbourne
3201,VIC,Melbourne
3202,VIC,Melbourne
3204,VIC,Melbourne
3205,VIC,Melbourne
3206,VIC,Melbourne
3207,VIC,Melbourne
3211,VIC,Rest of VIC
3212,VIC,Rest of VIC
3213,VIC,Rest of VIC
3214,VIC,Rest of VIC
3215,VIC,Rest of VIC
3216,VIC,Rest of VIC
3217,VIC,Rest of VIC
3218,VIC,Rest of VIC
3219,VIC,Rest of VIC
3220,VIC,Rest of VIC
3221,VIC,Rest of VIC
3222,VIC,Rest of VIC
3223,VIC,Rest of VIC
3224,VIC,Rest of VIC
3225,VIC,Rest of VIC
3226,VIC,Rest of VIC
3227,VIC,Rest of VIC
3228,VIC,Rest of VIC
3230,VIC,Rest of VIC
3231,VIC,Rest of VIC
3232,VIC,Rest of VIC
3233,VIC,Rest of VIC
3234,VIC,Rest of VIC
3235,VIC,Rest of VIC
3236,VIC,Rest of VIC
3237,VIC,Rest of VIC
3238,VIC,Rest of VIC
3239,VIC,Rest of VIC
3240,VIC,Rest of VIC
3241,VIC,Rest of VIC
3242,VIC,Rest of VIC
3243,VIC,Rest of VIC
3249,VIC,Rest of VIC
3250,VIC,Rest of VIC
3251,VIC,Rest of VIC
3254,VIC,Rest of VIC
3260,VIC,Rest of VIC
3264,VIC,Rest of VIC
3265,VIC,Rest of VIC
3266,VIC,Rest of VIC
3267,VIC,Rest of VIC
3268,VIC,Rest of VIC
3269,VIC,Rest of VIC
3270,VIC,Rest of VIC
3271,VIC,Rest of VIC
3272,VIC,Rest of VIC
3273,VIC,Rest of VIC
3274,VIC,Rest of VIC
3275,VIC,Rest of VIC
3276,VIC,Rest of VIC
3277,VIC,Rest of VIC
3278,VIC,Rest of VIC
3279,VIC,Rest of VIC
3280,VIC,Rest of VIC
3281,VIC,Rest of VIC
3282,VIC,Rest of VIC
3283,VIC,Rest of VIC
3284,VIC,Rest of VIC
3285,VIC,Rest of VIC
3286,VIC,Rest of VIC
3287,VIC,Rest of VIC
3289,VIC,Rest of VIC
3292,VIC,Rest of VIC
3293,VIC,Rest of VIC
3294,VIC,Rest of VIC
3300,VIC,Rest of VIC
3301,VIC,Rest of VIC
3302,VIC,Rest of VIC
3303,VIC,Rest of VIC
3304,VIC,Rest of VIC
3305,VIC,Rest of VIC
3309,VIC,Rest of VIC
3310,VIC,Rest of VIC
3311,VIC,Rest of VIC
3312,VIC,Rest of VIC
3314,VIC,Rest of VIC
3315,VIC,Rest of VIC
3317,VIC,Rest of VIC
3318,VIC,Rest of VIC
3319,VIC,Rest of VIC
3321,VIC,Rest of VIC
3322,VIC,Rest of VIC
3323,VIC,Rest of VIC
3324,VIC,Rest of VIC
3325,VIC,Rest of VIC
3328,VIC,Rest of VIC
3329,VIC,Rest of VIC
3330,VIC,Rest of VIC
3331,VIC,Rest of VIC
3332,VIC,Rest of VIC
3333,VIC,Rest of VIC
3334,VIC,Rest of VIC
3335,VIC,Melbourne
3337,VIC,Melbourne
3338,VIC,Melbourne
3340,VIC,Rest of VIC
3341,VIC,Rest of VIC
3342,VIC,Rest of VIC
3345,VIC,Rest of VIC
3350,VIC,Rest of VIC
3351,VIC,Rest of VIC
3352,VIC,Rest of VIC
3355,VIC,Rest of VIC
3356,VIC,Rest of VIC
3357,VIC,Rest of VIC
3360,VIC,Rest of VIC
3361,VIC,Rest of VIC
3363,VIC,Rest of VIC
3364,VIC,Rest of VIC
3370,VIC,Rest of VIC
3371,VIC,Rest of VIC
3373,VIC,Rest of VIC
3374,VIC,Rest of VIC
3375,VIC,Rest of VIC
3377,VIC,Rest of VIC
3378,VIC,Rest of VIC
3379,VIC,Rest of VIC
3380,VIC,Rest of VIC
3381,VIC,Rest of VIC
3384,VIC,Rest of VIC
3385,VIC,Rest of VIC
3387,VIC,Rest of VIC
3388,VIC,Rest of VIC
3390,VIC,Rest of VIC
3391,VIC,Rest of VIC
3392,VIC,Rest of VIC
3393,VIC,Rest of VIC
3395,VIC,Rest of VIC
3396,VIC,Rest of VIC
3400,VIC,Rest of VIC
3401,VIC,Rest of VIC
3407,VIC,Rest of VIC
3409,VIC,Rest of VIC
3412,VIC,Rest of VIC
3413,VIC,Rest of VIC
3414,VIC,Rest of VIC
3415,VIC,Rest of VIC
3418,VIC,Rest of VIC
3419,VIC,Rest of VIC
3420,VIC,Rest of VIC
3423,VIC,Rest of VIC
3424,VIC,Rest of VIC
3427,VIC,Melbourne
3428,VIC,Melbourne
3429,VIC,Melbourne
3430,VIC,Melbourne
3431,VIC,Melbourne
3432,VIC,Melbourne
3433,VIC,Melbourne
3434,VIC,Melbourne
3435,VIC,Melbourne
3437,VIC,Melbourne
3438,VIC,Melbourne
3440,VIC,Melbourne
3441,VIC,Melbourne
3442,VIC,Rest of VIC
3444,VIC,Rest of VIC
3446,VIC,Rest of VIC
3447,VIC,Rest of VIC
3448,VIC,Rest of VIC
3450,VIC,Rest of VIC
3451,VIC,Rest of VIC
3453,VIC,Rest of VIC
3458,VIC,Rest of VIC
3460,VIC,Rest of VIC
3461,VIC,Rest of VIC
3462,VIC,Rest of VIC
3463,VIC,Rest of VIC
3464,VIC,Rest of VIC
3465,VIC,Rest of VIC
3467,VIC,Rest of VIC
3468,VIC,Rest of VIC
3469,VIC,Rest of VIC
3472,VIC,Rest of VIC
3475,VIC,Rest of VIC
3477,VIC,Rest of VIC
3478,VIC,Rest of VIC
3480,VIC,Rest of VIC
3482,VIC,Rest of VIC
3483,VIC,Rest of VIC
3485,VIC,Rest of VIC
3487,VIC,Rest of VIC
3488,VIC,Rest of VIC
3489,VIC,Rest of VIC
3490,VIC,Rest of VIC
3491,VIC,Rest of VIC
3494,VIC,Rest of VIC
3496,VIC,Rest of VIC
3498,VIC,Rest of VIC
3500,VIC,Rest of VIC
3501,VIC,Rest of VIC
3505,VIC,Rest of VIC
3506,VIC,Rest of VIC
3507,VIC,Rest of VIC
3509,VIC,Rest of VIC
3512,VIC,Rest of VIC
3515,VIC,Rest of VIC
3516,VIC,Rest of VIC
3517,VIC,Rest of VIC
3518,VIC,Rest of VIC
3520,VIC,Rest of VIC
3521,VIC,Rest of VIC
3522,VIC,Rest of VIC
3523,VIC,Rest of VIC
3525,VIC,Rest of VIC
3527,VIC,Rest of VIC
3529,VIC,Rest of VIC
3530,VIC,Rest of VIC
3531,VIC,Rest of VIC
3533,VIC,Rest of VIC
3537,VIC,Rest of VIC
3540,VIC,Rest of VIC
3542,VIC,Rest of VIC
3544,VIC,Rest of VIC
3546,VIC,Rest of VIC
3549,VIC,Rest of VIC
3550,VIC,Rest of VIC
3551,VIC,Rest of VIC
3555,VIC,Rest of VIC
3556,VIC,Rest of VIC
3557,VIC,Rest of VIC
3558,VIC,Rest of VIC
3559,VIC,Rest of VIC
3561,VIC,Rest of VIC
3562,VIC,Rest of VIC
3563,VIC,Rest of VIC
3564,VIC,Rest of VIC
3565,VIC,Rest of VIC
3566,VIC,Rest of VIC
3567,VIC,Rest of VIC
3568,VIC,Rest of VIC
3570,VIC,Rest of VIC
3571,VIC,Rest of VIC
3572,VIC,Rest of VIC
3573,VIC,Rest of VIC
3575,VIC,Rest of VIC
3576,VIC,Rest of VIC
3579,VIC,Rest of VIC
3580,VIC,Rest of VIC
3581,VIC,Rest of VIC
3583,VIC,Rest of VIC
3584,VIC,Rest of VIC
3585,VIC,Rest of VIC
3586,VIC,Rest of VIC
3588,VIC,Rest of VIC
3589,VIC,Rest of VIC
3590,VIC,Rest of VIC
3591,VIC,Rest of VIC
3594,VIC,Rest of VIC
3595,VIC,Rest of VIC
3596,VIC,Rest of VIC
3597,VIC,Rest of VIC
3599,VIC,Rest of VIC
3607,VIC,Rest of VIC
3608,VIC,Rest of VIC
3610,VIC,Rest of VIC
3612,VIC,Rest of VIC
3614,VIC,Rest of VIC
3616,VIC,Rest of VIC
3617,VIC,Rest of VIC
3618,VIC,Rest of VIC
3620,VIC,Rest of VIC
3621,VIC,Rest of VIC
3622,VIC,Rest of VIC
3623,VIC,Rest of VIC
3624,VIC,Rest of VIC
3629,VIC,Rest of VIC
3630,VIC,Rest of VIC
3631,VIC,Rest of VIC
3633,VIC,Rest of VIC
3634,VIC,Rest of VIC
3635,VIC,Rest of VIC
3636,VIC,Rest of VIC
3637,VIC,Rest of VIC
3638,VIC,Rest of VIC
3639,VIC,Rest of VIC
3640,VIC,Rest of VIC
3641,VIC,Rest of VIC
3644,NSW,Rest of NSW
3644,VIC,Rest of VIC
3646,VIC,Rest of VIC
3647,VIC,Rest of VIC
3649,VIC,Rest of VIC
3658,VIC,Rest of VIC
3659,VIC,Rest of VIC
3660,VIC,Rest of VIC
3662,VIC,Rest of VIC
3663,VIC,Rest of VIC
3664,VIC,Rest of VIC
3665,VIC,Rest of VIC
3666,VIC,Rest of VIC
3669,VIC,Rest of VIC
3670,VIC,Rest of VIC
3672,VIC,Rest of VIC
3673,VIC,Rest of VIC
3675,VIC,Rest of VIC
3677,VIC,Rest of VIC
3678,VIC,Rest of VIC
3682,VIC,Rest of VIC
3683,VIC,Rest of VIC
3685,VIC,Rest of VIC
3687,VIC,Rest of VIC
3688,VIC,Rest of VIC
3690,VIC,Rest of VIC
3691,NSW,Rest of NSW
3691,VIC,Rest of VIC
3695,VIC,Rest of VIC
3697,VIC,Rest of VIC
3698,VIC,Rest of VIC
3699,VIC,Rest of VIC
3700,VIC,Rest of VIC
3701,VIC,Rest of VIC
3704,VIC,Rest of VIC
3705,VIC,Rest of VIC
3707,NSW,Rest of NSW
3707,VIC,Rest of VIC
3708,VIC,Rest of VIC
3709,VIC,Rest of VIC
3711,VIC,Rest of VIC
3712,VIC,Rest of VIC
3713,VIC,Rest of VIC
3714,VIC,Rest of VIC
3715,VIC,Rest of VIC
3717,VIC,Rest of VIC
3718,VIC,Rest of VIC
3719,VIC,Rest of VIC
3720,VIC,Rest of VIC
3722,VIC,Rest of VIC
3723,VIC,Rest of VIC
3725,VIC,Rest of VIC
3726,VIC,Rest of VIC
3727,VIC,Rest of VIC
3728,VIC,Rest of VIC
3730,VIC,Rest of VIC
3732,VIC,Rest of VIC
3733,VIC,Rest of VIC
3735,VIC,Rest of VIC
3737,VIC,Rest of VIC
3738,VIC,Rest of VIC
3739,VIC,Rest of VIC
3740,VIC,Rest of VIC
3741,VIC,Rest of VIC
3744,VIC,Rest of VIC
3746,VIC,Rest of VIC
3747,VIC,Rest of VIC
3749,VIC,Rest of VIC
3750,VIC,Melbourne
3751,VIC,Melbourne
3752,VIC,Melbourne
3753,VIC,Melbourne
3754,VIC,Melbourne
3755,VIC,Melbourne
3756,VIC,Melbourne
3757,VIC,Melbourne
3758,VIC,Melbourne
3759,VIC,Melbourne
3760,VIC,Melbourne
3761,VIC,Melbourne
3762,VIC,Melbourne
3763,VIC,Melbourne
3764,VIC,Rest of VIC
3765,VIC,Melbourne
3766,VIC,Melbourne
3767,VIC,Melbourne
3770,VIC,Melbourne
3775,VIC,Melbourne
3777,VIC,Melbourne
3778,VIC,Rest of VIC
3779,VIC,Rest of VIC
3781,VIC,Melbourne
3782,VIC,Melbourne
3783,VIC,Melbourne
3785,VIC,Melbourne
3786,VIC,Melbourne
3787,VIC,Melbourne
3788,VIC,Melbourne
3789,VIC,Melbourne
3791,VIC,Melbourne
3792,VIC,Melbourne
3793,VIC,Melbourne
3795,VIC,Melbourne
3796,VIC,Melbourne
3797,VIC,Melbourne
3799,VIC,Melbourne
3802,VIC,Melbourne
3803,VIC,Melbourne
3804,VIC,Melbourne
3805,VIC,Melbourne
3806,VIC,Melbourne
3807,VIC,Melbourne
3808,VIC,Melbourne
3809,VIC,Melbourne
3810,VIC,Melbourne
3812,VIC,Melbourne
3813,VIC,Melbourne
3814,VIC,Melbourne
3815,VIC,Melbourne
3816,VIC,Rest of VIC
3818,VIC,Rest of VIC
3820,VIC,Rest of VIC
3821,VIC,Rest of VIC
3822,VIC,Rest of VIC
3823,VIC,Rest of VIC
3824,VIC,Rest of VIC
3825,VIC,Rest of VIC
3831,VIC,Rest of VIC
3832,VIC,Rest of VIC
3833,VIC,Rest of VIC
3835,VIC,Rest of VIC
3840,VIC,Rest of VIC
3842,VIC,Rest of VIC
3844,VIC,Rest of VIC
3847,VIC,Rest of VIC
3850,VIC,Rest of VIC
3851,VIC,Rest of VIC
3852,VIC,Rest of VIC
3854,VIC,Rest of VIC
3856,VIC,Rest of VIC
3857,VIC,Rest of VIC
3858,VIC,Rest of VIC
3859,VIC,Rest of VIC
3860,VIC,Rest of VIC
3862,VIC,Rest of VIC
3864,VIC,Rest of VIC
3865,VIC,Rest of VIC
3869,VIC,Rest of VIC
3870,VIC,Rest of VIC
3871,VIC,Rest of VIC
3873,VIC,Rest of VIC
3874,VIC,Rest of VIC
3875,VIC,Rest of VIC
3878,VIC,Rest of VIC
3880,VIC,Rest of VIC
3882,VIC,Rest of VIC
3885,VIC,Rest of VIC
3886,VIC,Rest of VIC
3887,VIC,Rest of VIC
3888,VIC,Rest of VIC
3889,VIC,Rest of VIC
3890,VIC,Rest of VIC
3891,VIC,Rest of VIC
3892,VIC,Rest of VIC
3893,VIC,Rest of VIC
3895,VIC,Rest of VIC
3896,VIC,Rest of VIC
3898,VIC,Rest of VIC
3900,VIC,Rest of VIC
3902,VIC,Rest of VIC
3903,VIC,Rest of VIC
3904,VIC,Rest of VIC
3909,VIC,Rest of VIC
3910,VIC,Melbourne
3911,VIC,Melbourne
3912,VIC,Melbourne
3913,VIC,Melbourne
3915,VIC,Melbourne
3916,VIC,Melbourne
3918,VIC,Melbourne
3919,VIC,Melbourne
3920,VIC,Melbourne
3921,VIC,Rest of VIC
3922,VIC,Rest of VIC
3923,VIC,Rest of VIC
3925,VIC,Rest of VIC
3926,VIC,Melbourne
3927,VIC,Melbourne
3928,VIC,Melbourne
3929,VIC,Melbourne
3930,VIC,Melbourne
3931,VIC,Melbourne
3933,VIC,Melbourne
3934,VIC,Melbourne
3936,VIC,Melbourne
3937,VIC,Melbourne
3938,VIC,Melbourne
3939,VIC,Melbourne
3940,VIC,Melbourne
3941,VIC,Melbourne
3942,VIC,Melbourne
3943,VIC,Melbourne
3944,VIC,Melbourne
3945,VIC,Rest of VIC
3950,VIC,Rest of VIC
3951,VIC,Rest of VIC
3953,VIC,Rest of VIC
3954,VIC,Rest of VIC
3956,VIC,Rest of VIC
3957,VIC,Rest of VIC
3958,VIC,Rest of VIC
3959,VIC,Rest of VIC
3960,VIC,Rest of VIC
3962,VIC,Rest of VIC
3964,VIC,Rest of VIC
3965,VIC,Rest of VIC
3966,VIC,Rest of VIC
3967,VIC,Rest of VIC
3971,VIC,Rest of VIC
3975,VIC,Melbourne
3976,VIC,Melbourne
3977,VIC,Melbourne
3978,VIC,Melbourne
3979,VIC,Rest of VIC
3980,VIC,Melbourne
3981,VIC,Rest of VIC
3984,VIC,Rest of VIC
3987,VIC,Rest of VIC
3988,VIC,Rest of VIC
3990,VIC,Rest of VIC
3991,VIC,Rest of VIC
3992,VIC,Rest of VIC
3995,VIC,Rest of VIC
3996,VIC,Rest of VIC
4000,QLD,Brisbane
4005,QLD,Brisbane
4006,QLD,Brisbane
4007,QLD,Brisbane
4008,QLD,Brisbane
4009,QLD,Brisbane
4010,QLD,Brisbane
4011,QLD,Brisbane
4012,QLD,Brisbane
4013,QLD,Brisbane
4014,QLD,Brisbane
4017,QLD,Brisbane
4018,QLD,Brisbane
4019,QLD,Brisbane
4020,QLD,Brisbane
4021,QLD,Brisbane
4022,QLD,Brisbane
4025,QLD,Brisbane
4030,QLD,Brisbane
4031,QLD,Brisbane
4032,QLD,Brisbane
4034,QLD,Brisbane
4035,QLD,Brisbane
4036,QLD,Brisbane
4037,QLD,Brisbane
4051,QLD,Brisbane
4053,QLD,Brisbane
4054,QLD,Brisbane
4055,QLD,Brisbane
4059,QLD,Brisbane
4060,QLD,Brisbane
4061,QLD,Brisbane
4064,QLD,Brisbane
4065,QLD,Brisbane
4066,QLD,Brisbane
4067,QLD,Brisbane
4068,QLD,Brisbane
4069,QLD,Brisbane
4070,QLD,Brisbane
4073,QLD,Brisbane
4074,QLD,Brisbane
4075,QLD,Brisbane
4076,QLD,Brisbane
4077,QLD,Brisbane
4078,QLD,Brisbane
4101,QLD,Brisbane
4102,QLD,Brisbane
4103,QLD,Brisbane
4104,QLD,Brisbane
4105,QLD,Brisbane
4106,QLD,Brisbane
4107,QLD,Brisbane
4108,QLD,Brisbane
4109,QLD,Brisbane
4110,QLD,Brisbane
4111,QLD,Brisbane
4112,QLD,Brisbane
4113,QLD,Brisbane
4114,QLD,Brisbane
4115,QLD,Brisbane
4116,QLD,Brisbane
4117,QLD,Brisbane
4118,QLD,Brisbane
4119,QLD,Brisbane
4120,QLD,Brisbane
4121,QLD,Brisbane
4122,QLD,Brisbane
4123,QLD,Brisbane
4124,QLD,Brisbane
4125,QLD,Brisbane
4127,QLD,Brisbane
4128,QLD,Brisbane
4129,QLD,Brisbane
4130,QLD,Brisbane
4131,QLD,Brisbane
4132,QLD,Brisbane
4133,QLD,Brisbane
4151,QLD,Brisbane
4152,QLD,Brisbane
4153,QLD,Brisbane
4154,QLD,Brisbane
4155,QLD,Brisbane
4156,QLD,Brisbane
4157,QLD,Brisbane
4158,QLD,Brisbane
4159,QLD,Brisbane
4160,QLD,Brisbane
4161,QLD,Brisbane
4163,QLD,Brisbane
4164,QLD,Brisbane
4165,QLD,Brisbane
4169,QLD,Brisbane
4170,QLD,Brisbane
4171,QLD,Brisbane
4172,QLD,Brisbane
4173,QLD,Brisbane
4174,QLD,Brisbane
4178,QLD,Brisbane
4179,QLD,Brisbane
4183,QLD,Brisbane
4184,QLD,Brisbane
4205,QLD,Brisbane
4207,QLD,Brisbane
4208,QLD,Rest of QLD
4209,QLD,Rest of QLD
4210,QLD,Rest of QLD
4211,QLD,Rest of QLD
4212,QLD,Rest of QLD
4213,QLD,Rest of QLD
4214,QLD,Rest of QLD
4215,QLD,Rest of QLD
4216,QLD,Rest of QLD
4217,QLD,Rest of QLD
4218,QLD,Rest of QLD
4220,QLD,Rest of QLD
4221,QLD,Rest of QLD
4223,QLD,Rest of QLD
4224,QLD,Rest of QLD
4225,QLD,Rest of QLD
4226,QLD,Rest of QLD
4227,QLD,Rest of QLD
4228,QLD,Rest of QLD
4270,QLD,Brisbane
4272,QLD,Rest of QLD
4275,QLD,Rest of QLD
4280,QLD,Brisbane
4285,QLD,Brisbane
4287,QLD,Brisbane
4300,QLD,Brisbane
4301,QLD,Brisbane
4303,QLD,Brisbane
4304,QLD,Brisbane
4305,QLD,Brisbane
4306,QLD,Brisbane
4307,QLD,Brisbane
4309,QLD,Brisbane
4310,QLD,Brisbane
4311,QLD,Brisbane
4312,QLD,Brisbane
4313,QLD,Brisbane
4340,QLD,Brisbane
4341,QLD,Brisbane
4342,QLD,Brisbane
4343,QLD,Rest of QLD
4344,QLD,Rest of QLD
4345,QLD,Rest of QLD
4346,QLD,Brisbane
4347,QLD,Rest of QLD
4350,QLD,Rest of QLD
4352,QLD,Rest of QLD
4353,QLD,Rest of QLD
4354,QLD,Rest of QLD
4355,QLD,Rest of QLD
4356,QLD,Rest of QLD
4357,QLD,Rest of QLD
4358,QLD,Rest of QLD
4359,QLD,Rest of QLD
4360,QLD,Rest of QLD
4361,QLD,Rest of QLD
4362,QLD,Rest of QLD
4363,QLD,Rest of QLD
4364,QLD,Rest of QLD
4365,QLD,Rest of QLD
4370,QLD,Rest of QLD
4371,QLD,Rest of QLD
4372,QLD,Rest of QLD
4373,QLD,Rest of QLD
4374,QLD,Rest of QLD
4375,NSW,Rest of NSW
4375,QLD,Rest of QLD
4376,QLD,Rest of QLD
4377,NSW,Rest of NSW
4377,QLD,Rest of QLD
4378,QLD,Rest of QLD
4380,NSW,Rest of NSW
4380,QLD,Rest of QLD
4381,QLD,Rest of QLD
4382,QLD,Rest of QLD
4383,NSW,Rest of NSW
4383,QLD,Rest of QLD
4384,QLD,Rest of QLD
4385,NSW,Rest of NSW
4385,QLD,Rest of QLD
4387,QLD,Rest of QLD
4388,QLD,Rest of QLD
4390,QLD,Rest of QLD
4400,QLD,Rest of QLD
4401,QLD,Rest of QLD
4402,QLD,Rest of QLD
4403,QLD,Rest of QLD
4404,QLD,Rest of QLD
4405,QLD,Rest of QLD
4406,QLD,Rest of QLD
4407,QLD,Rest of QLD
4408,QLD,Rest of QLD
4410,QLD,Rest of QLD
4411,QLD,Rest of QLD
4412,QLD,Rest of QLD
4413,QLD,Rest of QLD
4415,QLD,Rest of QLD
4416,QLD,Rest of QLD
4417,QLD,Rest of QLD
4418,QLD,Rest of QLD
4419,QLD,Rest of QLD
4420,QLD,Rest of QLD
4421,QLD,Rest of QLD
4422,QLD,Rest of QLD
4423,QLD,Rest of QLD
4424,QLD,Rest of QLD
4425,QLD,Rest of QLD
4426,QLD,Rest of QLD
4427,QLD,Rest of QLD
4428,QLD,Rest of QLD
4454,QLD,Rest of QLD
4455,QLD,Rest of QLD
4461,QLD,Rest of QLD
4462,QLD,Rest of QLD
4465,QLD,Rest of QLD
4467,QLD,Rest of QLD
4468,QLD,Rest of QLD
4470,QLD,Rest of QLD
4472,QLD,Rest of QLD
4474,QLD,Rest of QLD
4477,QLD,Rest of QLD
4478,QLD,Rest of QLD
4479,QLD,Rest of QLD
4480,QLD,Rest of QLD
4481,QLD,Rest of QLD
4482,QLD,Rest of QLD
4486,QLD,Rest of QLD
4487,QLD,Rest of QLD
4488,QLD,Rest of QLD
4489,QLD,Rest of QLD
4490,QLD,Rest of QLD
4491,QLD,Rest of QLD
4492,QLD,Rest of QLD
4493,QLD,Rest of QLD
4494,QLD,Rest of QLD
4496,QLD,Rest of QLD
4497,QLD,Rest of QLD
4498,QLD,Rest of QLD
4500,QLD,Brisbane
4501,QLD,Brisbane
4502,QLD,Brisbane
4503,QLD,Brisbane
4504,QLD,Brisbane
4505,QLD,Brisbane
4506,QLD,Brisbane
4507,QLD,Brisbane
4508,QLD,Brisbane
4509,QLD,Brisbane
4510,QLD,Brisbane
4511,QLD,Brisbane
4512,QLD,Brisbane
4514,QLD,Brisbane
4515,QLD,Brisbane
4516,QLD,Brisbane
4517,QLD,Rest of QLD
4518,QLD,Rest of QLD
4519,QLD,Rest of QLD
4520,QLD,Brisbane
4521,QLD,Brisbane
4550,QLD,Rest of QLD
4551,QLD,Rest of QLD
4552,QLD,Brisbane
4553,QLD,Rest of QLD
4554,QLD,Rest of QLD
4555,QLD,Rest of QLD
4556,QLD,Rest of QLD
4557,QLD,Rest of QLD
4558,QLD,Rest of QLD
4559,QLD,Rest of QLD
4560,QLD,Rest of QLD
4561,QLD,Rest of QLD
4562,QLD,Rest of QLD
4563,QLD,Rest of QLD
4564,QLD,Rest of QLD
4565,QLD,Rest of QLD
4566,QLD,Rest of QLD
4567,QLD,Rest of QLD
4568,QLD,Rest of QLD
4569,QLD,Rest of QLD
4570,QLD,Rest of QLD
4571,QLD,Rest of QLD
4572,QLD,Rest of QLD
4573,QLD,Rest of QLD
4574,QLD,Rest of QLD
4575,QLD,Rest of QLD
4580,QLD,Rest of QLD
4581,QLD,Rest of QLD
4600,QLD,Rest of QLD
4601,QLD,Rest of QLD
4605,QLD,Rest of QLD
4606,QLD,Rest of QLD
4608,QLD,Rest of QLD
4610,QLD,Rest of QLD
4611,QLD,Rest of QLD
4612,QLD,Rest of QLD
4613,QLD,Rest of QLD
4614,QLD,Rest of QLD
4615,QLD,Rest of QLD
4620,QLD,Rest of QLD
4621,QLD,Rest of QLD
4625,QLD,Rest of QLD
4626,QLD,Rest of QLD
4627,QLD,Rest of QLD
4630,QLD,Rest of QLD
4650,QLD,Rest of QLD
4655,QLD,Rest of QLD
4659,QLD,Rest of QLD
4660,QLD,Rest of QLD
4662,QLD,Rest of QLD
4670,QLD,Rest of QLD
4671,QLD,Rest of QLD
4673,QLD,Rest of QLD
4674,QLD,Rest of QLD
4676,QLD,Rest of QLD
4677,QLD,Rest of QLD
4678,QLD,Rest of QLD
4680,QLD,Rest of QLD
4694,QLD,Rest of QLD
4695,QLD,Rest of QLD
4697,QLD,Rest of QLD
4699,QLD,Rest of QLD
4700,QLD,Rest of QLD
4701,QLD,Rest of QLD
4702,QLD,Rest of QLD
4703,QLD,Rest of QLD
4704,QLD,Rest of QLD
4705,QLD,Rest of QLD
4706,QLD,Rest of QLD
4707,QLD,Rest of QLD
4709,QLD,Rest of QLD
4710,QLD,Rest of QLD
4711,QLD,Rest of QLD
4712,QLD,Rest of QLD
4713,QLD,Rest of QLD
4714,QLD,Rest of QLD
4715,QLD,Rest of QLD
4716,QLD,Rest of QLD
4717,QLD,Rest of QLD
4718,QLD,Rest of QLD
4719,QLD,Rest of QLD
4720,QLD,Rest of QLD
4721,QLD,Rest of QLD
4722,QLD,Rest of QLD
4723,QLD,Rest of QLD
4724,QLD,Rest of QLD
4725,QLD,Rest of QLD
4726,QLD,Rest of QLD
4727,QLD,Rest of QLD
4728,QLD,Rest of QLD
4730,QLD,Rest of QLD
4731,QLD,Rest of QLD
4732,QLD,Rest of QLD
4733,QLD,Rest of QLD
4735,QLD,Rest of QLD
4736,QLD,Rest of QLD
4737,QLD,Rest of QLD
4738,QLD,Rest of QLD
4739,QLD,Rest of QLD
4740,QLD,Rest of QLD
4741,QLD,Rest of QLD
4742,QLD,Rest of QLD
4743,QLD,Rest of QLD
4744,QLD,Rest of QLD
4745,QLD,Rest of QLD
4746,QLD,Rest of QLD
4750,QLD,Rest of QLD
4751,QLD,Rest of QLD
4753,QLD,Rest of QLD
4754,QLD,Rest of QLD
4756,QLD,Rest of QLD
4757,QLD,Rest of QLD
4798,QLD,Rest of QLD
4799,QLD,Rest of QLD
4800,QLD,Rest of QLD
4802,QLD,Rest of QLD
4804,QLD,Rest of QLD
4805,QLD,Rest of QLD
4806,QLD,Rest of QLD
4807,QLD,Rest of QLD
4808,QLD,Rest of QLD
4809,QLD,Rest of QLD
4810,QLD,Rest of QLD
4811,QLD,Rest of QLD
4812,QLD,Rest of QLD
4814,QLD,Rest of QLD
4815,QLD,Rest of QLD
4816,QLD,Rest of QLD
4817,QLD,Rest of QLD
4818,QLD,Rest of QLD
4819,QLD,Rest of QLD
4820,QLD,Rest of QLD
4821,QLD,Rest of QLD
4822,QLD,Rest of QLD
4823,QLD,Rest of QLD
4824,QLD,Rest of QLD
4825,NT,Rest of NT
4825,QLD,Rest of QLD
4828,QLD,Rest of QLD
4829,QLD,Rest of QLD
4830,QLD,Rest of QLD
4849,QLD,Rest of QLD
4850,QLD,Rest of QLD
4852,QLD,Rest of QLD
4854,QLD,Rest of QLD
4855,QLD,Rest of QLD
4856,QLD,Rest of QLD
4858,QLD,Rest of QLD
4859,QLD,Rest of QLD
4860,QLD,Rest of QLD
4861,QLD,Rest of QLD
4865,QLD,Rest of QLD
4868,QLD,Rest of QLD
4869,QLD,Rest of QLD
4870,QLD,Rest of QLD
4871,QLD,Rest of QLD
4872,QLD,Rest of QLD
4873,QLD,Rest of QLD
4874,QLD,Rest of QLD
4875,QLD,Rest of QLD
4876,QLD,Rest of QLD
4877,QLD,Rest of QLD
4878,QLD,Rest of QLD
4879,QLD,Rest of QLD
4880,QLD,Rest of QLD
4881,QLD,Rest of QLD
4882,QLD,Rest of QLD
4883,QLD,Rest of QLD
4884,QLD,Rest of QLD
4885,QLD,Rest of QLD
4886,QLD,Rest of QLD
4887,QLD,Rest of QLD
4888,QLD,Rest of QLD
4890,QLD,Rest of QLD
4891,QLD,Rest of QLD
4892,QLD,Rest of QLD
4895,QLD,Rest of QLD
5000,SA,Adelaide
5006,SA,Adelaide
5007,SA,Adelaide
5008,SA,Adelaide
5009,SA,Adelaide
5010,SA,Adelaide
5011,SA,Adelaide
5012,SA,Adelaide
5013,SA,Adelaide
5014,SA,Adelaide
5015,SA,Adelaide
5016,SA,Adelaide
5017,SA,Adelaide
5018,SA,Adelaide
5019,SA,Adelaide
5020,SA,Adelaide
5021,SA,Adelaide
5022,SA,Adelaide
5023,SA,Adelaide
5024,SA,Adelaide
5025,SA,Adelaide
5031,SA,Adelaide
5032,SA,Adelaide
5033,SA,Adelaide
5034,SA,Adelaide
5035,SA,Adelaide
5037,SA,Adelaide
5038,SA,Adelaide
5039,SA,Adelaide
5040,SA,Adelaide
5041,SA,Adelaide
5042,SA,Adelaide
5043,SA,Adelaide
5044,SA,Adelaide
5045,SA,Adelaide
5046,SA,Adelaide
5047,SA,Adelaide
5048,SA,Adelaide
5049,SA,Adelaide
5050,SA,Adelaide
5051,SA,Adelaide
5052,SA,Adelaide
5061,SA,Adelaide
5062,SA,Adelaide
5063,SA,Adelaide
5064,SA,Adelaide
5065,SA,Adelaide
5066,SA,Adelaide
5067,SA,Adelaide
5068,SA,Adelaide
5069,SA,Adelaide
5070,SA,Adelaide
5072,SA,Adelaide
5073,SA,Adelaide
5074,SA,Adelaide
5075,SA,Adelaide
5076,SA,Adelaide
5081,SA,Adelaide
5082,SA,Adelaide
5083,SA,Adelaide
5084,SA,Adelaide
5085,SA,Adelaide
5086,SA,Adelaide
5087,SA,Adelaide
5088,SA,Adelaide
5089,SA,Adelaide
5090,SA,Adelaide
5091,SA,Adelaide
5092,SA,Adelaide
5093,SA,Adelaide
5094,SA,Adelaide
5095,SA,Adelaide
5096,SA,Adelaide
5097,SA,Adelaide
5098,SA,Adelaide
5106,SA,Adelaide
5107,SA,Adelaide
5108,SA,Adelaide
5109,SA,Adelaide
5110,SA,Adelaide
5111,SA,Adelaide
5112,SA,Adelaide
5113,SA,Adelaide
5114,SA,Adelaide
5115,SA,Adelaide
5116,SA,Adelaide
5117,SA,Adelaide
5118,SA,Adelaide
5120,SA,Adelaide
5121,SA,Adelaide
5125,SA,Adelaide
5126,SA,Adelaide
5127,SA,Adelaide
5131,SA,Adelaide
5132,SA,Adelaide
5133,SA,Adelaide
5134,SA,Adelaide
5136,SA,Adelaide
5137,SA,Adelaide
5138,SA,Adelaide
5139,SA,Adelaide
5140,SA,Adelaide
5141,SA,Adelaide
5142,SA,Adelaide
5144,SA,Adelaide
5150,SA,Adelaide
5151,SA,Adelaide
5152,SA,Adelaide
5153,SA,Adelaide
5154,SA,Adelaide
5155,SA,Adelaide
5156,SA,Adelaide
5157,SA,Adelaide
5158,SA,Adelaide
5159,SA,Adelaide
5161,SA,Adelaide
5162,SA,Adelaide
5163,SA,Adelaide
5164,SA,Adelaide
5165,SA,Adelaide
5166,SA,Adelaide
5167,SA,Adelaide
5168,SA,Adelaide
5169,SA,Adelaide
5170,SA,Adelaide
5171,SA,Adelaide
5172,SA,Rest of SA
5173,SA,Adelaide
5174,SA,Adelaide
5201,SA,Rest of SA
5202,SA,Rest of SA
5203,SA,Rest of SA
5204,SA,Rest of SA
5210,SA,Rest of SA
5211,SA,Rest of SA
5212,SA,Rest of SA
5213,SA,Rest of SA
5214,SA,Rest of SA
5220,SA,Rest of SA
5221,SA,Rest of SA
5222,SA,Rest of SA
5223,SA,Rest of SA
5231,SA,Adelaide
5232,SA,Adelaide
5233,SA,Adelaide
5234,SA,Adelaide
5235,SA,Adelaide
5236,SA,Rest of SA
5237,SA,Rest of SA
5238,SA,Rest of SA
5240,SA,Adelaide
5241,SA,Adelaide
5242,SA,Adelaide
5243,SA,Adelaide
5244,SA,Adelaide
5245,SA,Adelaide
5250,SA,Adelaide
5251,SA,Adelaide
5252,SA,Adelaide
5253,SA,Rest of SA
5254,SA,Rest of SA
5255,SA,Rest of SA
5256,SA,Rest of SA
5259,SA,Rest of SA
5260,SA,Rest of SA
5261,SA,Rest of SA
5262,SA,Rest of SA
5263,SA,Rest of SA
5264,SA,Rest of SA
5265,SA,Rest of SA
5266,SA,Rest of SA
5267,SA,Rest of SA
5268,SA,Rest of SA
5269,SA,Rest of SA
5270,SA,Rest of SA
5271,SA,Rest of SA
5272,SA,Rest of SA
5273,SA,Rest of SA
5275,SA,Rest of SA
5276,SA,Rest of SA
5277,SA,Rest of SA
5278,SA,Rest of SA
5279,SA,Rest of SA
5280,SA,Rest of SA
5290,SA,Rest of SA
5291,SA,Rest of SA
5301,SA,Rest of SA
5302,SA,Rest of SA
5303,SA,Rest of SA
5304,SA,Rest of SA
5306,SA,Rest of SA
5307,SA,Rest of SA
5308,SA,Rest of SA
5309,SA,Rest of SA
5310,SA,Rest of SA
5311,SA,Rest of SA
5320,SA,Rest of SA
5321,SA,Rest of SA
5322,SA,Rest of SA
5330,SA,Rest of SA
5331,SA,Rest of SA
5332,SA,Rest of SA
5333,SA,Rest of SA
5340,SA,Rest of SA
5341,SA,Rest of SA
5342,SA,Rest of SA
5343,SA,Rest of SA
5344,SA,Rest of SA
5345,SA,Rest of SA
5346,SA,Rest of SA
5350,SA,Rest of SA
5351,SA,Adelaide
5352,SA,Rest of SA
5353,SA,Rest of SA
5354,SA,Rest of SA
5355,SA,Rest of SA
5356,SA,Rest of SA
5357,SA,Rest of SA
5360,SA,Rest of SA
5371,SA,Rest of SA
5372,SA,Rest of SA
5373,SA,Rest of SA
5374,SA,Rest of SA
5381,SA,Rest of SA
5400,SA,Rest of SA
5401,SA,Rest of SA
5410,SA,Rest of SA
5411,SA,Rest of SA
5412,SA,Rest of SA
5413,SA,Rest of SA
5414,SA,Rest of SA
5415,SA,Rest of SA
5416,SA,Rest of SA
5417,SA,Rest of SA
5418,SA,Rest of SA
5419,SA,Rest of SA
5420,SA,Rest of SA
5421,SA,Rest of SA
5422,SA,Rest of SA
5431,SA,Rest of SA
5432,SA,Rest of SA
5433,SA,Rest of SA
5434,SA,Rest of SA
5440,SA,Rest of SA
5451,SA,Rest of SA
5452,SA,Rest of SA
5453,SA,Rest of SA
5454,SA,Rest of SA
5455,SA,Rest of SA
5460,SA,Rest of SA
5461,SA,Rest of SA
5462,SA,Rest of SA
5464,SA,Rest of SA
5470,SA,Rest of SA
5471,SA,Rest of SA
5472,SA,Rest of SA
5473,SA,Rest of SA
5480,SA,Rest of SA
5481,SA,Rest of SA
5482,SA,Rest of SA
5483,SA,Rest of SA
5485,SA,Rest of SA
5490,SA,Rest of SA
5491,SA,Rest of SA
5493,SA,Rest of SA
5495,SA,Rest of SA
5501,SA,Rest of SA
5502,SA,Rest of SA
5510,SA,Rest of SA
5520,SA,Rest of SA
5521,SA,Rest of SA
5522,SA,Rest of SA
5523,SA,Rest of SA
5540,SA,Rest of SA
5550,SA,Rest of SA
5552,SA,Rest of SA
5554,SA,Rest of SA
5555,SA,Rest of SA
5556,SA,Rest of SA
5558,SA,Rest of SA
5560,SA,Rest of SA
5570,SA,Rest of SA
5571,SA,Rest of SA
5572,SA,Rest of SA
5573,SA,Rest of SA
5575,SA,Rest of SA
5576,SA,Rest of SA
5577,SA,Rest of SA
5580,SA,Rest of SA
5581,SA,Rest of SA
5582,SA,Rest of SA
5583,SA,Rest of SA
5600,SA,Rest of SA
5601,SA,Rest of SA
5602,SA,Rest of SA
5603,SA,Rest of SA
5604,SA,Rest of SA
5605,SA,Rest of SA
5606,SA,Rest of SA
5607,SA,Rest of SA
5608,SA,Rest of SA
5609,SA,Rest of SA
5630,SA,Rest of SA
5631,SA,Rest of SA
5632,SA,Rest of SA
5633,SA,Rest of SA
5640,SA,Rest of SA
5641,SA,Rest of SA
5642,SA,Rest of SA
5650,SA,Rest of SA
5651,SA,Rest of SA
5652,SA,Rest of SA
5653,SA,Rest of SA
5654,SA,Rest of SA
5655,SA,Rest of SA
5660,SA,Rest of SA
5661,SA,Rest of SA
5670,SA,Rest of SA
5671,SA,Rest of SA
5680,SA,Rest of SA
5690,SA,Rest of SA
5700,SA,Rest of SA
5701,SA,Rest of SA
5710,SA,Rest of SA
5713,SA,Rest of SA
5715,SA,Rest of SA
5717,SA,Rest of SA
5719,SA,Rest of SA
5720,SA,Rest of SA
5722,SA,Rest of SA
5723,SA,Rest of SA
5724,SA,Rest of SA
5725,SA,Rest of SA
5730,SA,Rest of SA
5731,SA,Rest of SA
5732,SA,Rest of SA
5733,SA,Rest of SA
5734,SA,Rest of SA
5950,SA,Adelaide
5960,SA,Adelaide
6000,WA,Perth
6003,WA,Perth
6004,WA,Perth
6005,WA,Perth
6006,WA,Perth
6007,WA,Perth
6008,WA,Perth
6009,WA,Perth
6010,WA,Perth
6011,WA,Perth
6012,WA,Perth
6014,WA,Perth
6015,WA,Perth
6016,WA,Perth
6017,WA,Perth
6018,WA,Perth
6019,WA,Perth
6020,WA,Perth
6021,WA,Perth
6022,WA,Perth
6023,WA,Perth
6024,WA,Perth
6025,WA,Perth
6026,WA,Perth
6027,WA,Perth
6028,WA,Perth
6029,WA,Perth
6030,WA,Perth
6031,WA,Perth
6032,WA,Perth
6033,WA,Perth
6034,WA,Perth
6035,WA,Perth
6036,WA,Perth
6037,WA,Perth
6038,WA,Perth
6041,WA,Rest of WA
6042,WA,Rest of WA
6043,WA,Rest of WA
6044,WA,Rest of WA
6050,WA,Perth
6051,WA,Perth
6052,WA,Perth
6053,WA,Perth
6054,WA,Perth
6055,WA,Perth
6056,WA,Perth
6057,WA,Perth
6058,WA,Perth
6059,WA,Perth
6060,WA,Perth
6061,WA,Perth
6062,WA,Perth
6063,WA,Perth
6064,WA,Perth
6065,WA,Perth
6066,WA,Perth
6067,WA,Perth
6068,WA,Perth
6069,WA,Perth
6070,WA,Perth
6071,WA,Perth
6072,WA,Perth
6073,WA,Perth
6074,WA,Perth
6076,WA,Perth
6077,WA,Perth
6078,WA,Perth
6079,WA,Perth
6081,WA,Perth
6082,WA,Perth
6083,WA,Perth
6084,WA,Rest of WA
6090,WA,Perth
6100,WA,Perth
6101,WA,Perth
6102,WA,Perth
6103,WA,Perth
6104,WA,Perth
6105,WA,Perth
6106,WA,Perth
6107,WA,Perth
6108,WA,Perth
6109,WA,Perth
6110,WA,Perth
6111,WA,Perth
6112,WA,Perth
6121,WA,Perth
6122,WA,Perth
6123,WA,Perth
6124,WA,Perth
6125,WA,Perth
6126,WA,Perth
6147,WA,Perth
6148,WA,Perth
6149,WA,Perth
6150,WA,Perth
6151,WA,Perth
6152,WA,Perth
6153,WA,Perth
6154,WA,Perth
6155,WA,Perth
6156,WA,Perth
6157,WA,Perth
6158,WA,Perth
6159,WA,Perth
6160,WA,Perth
6161,WA,Perth
6162,WA,Perth
6163,WA,Perth
6164,WA,Perth
6165,WA,Perth
6166,WA,Perth
6167,WA,Perth
6168,WA,Perth
6169,WA,Perth
6170,WA,Perth
6171,WA,Perth
6172,WA,Perth
6173,WA,Perth
6174,WA,Perth
6175,WA,Perth
6176,WA,Perth
6180,WA,Perth
6181,WA,Perth
6182,WA,Perth
6207,WA,Rest of WA
6208,WA,Perth
6209,WA,Perth
6210,WA,Perth
6211,WA,Perth
6213,WA,Rest of WA
6214,WA,Perth
6215,WA,Rest of WA
6218,WA,Rest of WA
6220,WA,Rest of WA
6221,WA,Rest of WA
6223,WA,Rest of WA
6224,WA,Rest of WA
6225,WA,Rest of WA
6226,WA,Rest of WA
6227,WA,Rest of WA
6228,WA,Rest of WA
6229,WA,Rest of WA
6230,WA,Rest of WA
6232,WA,Rest of WA
6233,WA,Rest of WA
6236,WA,Rest of WA
6237,WA,Rest of WA
6239,WA,Rest of WA
6240,WA,Rest of WA
6243,WA,Rest of WA
6244,WA,Rest of WA
6251,WA,Rest of WA
6252,WA,Rest of WA
6253,WA,Rest of WA
6254,WA,Rest of WA
6255,WA,Rest of WA
6256,WA,Rest of WA
6258,WA,Rest of WA
6260,WA,Rest of WA
6262,WA,Rest of WA
6271,WA,Rest of WA
6275,WA,Rest of WA
6280,WA,Rest of WA
6281,WA,Rest of WA
6282,WA,Rest of WA
6284,WA,Rest of WA
6285,WA,Rest of WA
6286,WA,Rest of WA
6288,WA,Rest of WA
6290,WA,Rest of WA
6302,WA,Rest of WA
6304,WA,Rest of WA
6306,WA,Rest of WA
6308,WA,Rest of WA
6309,WA,Rest of WA
6311,WA,Rest of WA
6312,WA,Rest of WA
6313,WA,Rest of WA
6315,WA,Rest of WA
6316,WA,Rest of WA
6317,WA,Rest of WA
6318,WA,Rest of WA
6320,WA,Rest of WA
6321,WA,Rest of WA
6322,WA,Rest of WA
6323,WA,Rest of WA
6324,WA,Rest of WA
6326,WA,Rest of WA
6327,WA,Rest of WA
6328,WA,Rest of WA
6330,WA,Rest of WA
6333,WA,Rest of WA
6335,WA,Rest of WA
6336,WA,Rest of WA
6337,WA,Rest of WA
6338,WA,Rest of WA
6341,WA,Rest of WA
6343,WA,Rest of WA
6346,WA,Rest of WA
6348,WA,Rest of WA
6350,WA,Rest of WA
6351,WA,Rest of WA
6352,WA,Rest of WA
6353,WA,Rest of WA
6355,WA,Rest of WA
6356,WA,Rest of WA
6357,WA,Rest of WA
6358,WA,Rest of WA
6359,WA,Rest of WA
6361,WA,Rest of WA
6363,WA,Rest of WA
6365,WA,Rest of WA
6367,WA,Rest of WA
6368,WA,Rest of WA
6369,WA,Rest of WA
6370,WA,Rest of WA
6372,WA,Rest of WA
6373,WA,Rest of WA
6375,WA,Rest of WA
6383,WA,Rest of WA
6384,WA,Rest of WA
6385,WA,Rest of WA
6386,WA,Rest of WA
6390,WA,Rest of WA
6391,WA,Rest of WA
6392,WA,Rest of WA
6393,WA,Rest of WA
6394,WA,Rest of WA
6395,WA,Rest of WA
6396,WA,Rest of WA
6397,WA,Rest of WA
6398,WA,Rest of WA
6401,WA,Rest of WA
6403,WA,Rest of WA
6405,WA,Rest of WA
6407,WA,Rest of WA
6409,WA,Rest of WA
6410,WA,Rest of WA
6411,WA,Rest of WA
6412,WA,Rest of WA
6413,WA,Rest of WA
6414,WA,Rest of WA
6415,WA,Rest of WA
6418,WA,Rest of WA
6419,WA,Rest of WA
6420,WA,Rest of WA
6421,WA,Rest of WA
6422,WA,Rest of WA
6423,WA,Rest of WA
6424,WA,Rest of WA
6425,WA,Rest of WA
6426,WA,Rest of WA
6427,WA,Rest of WA
6428,WA,Rest of WA
6429,WA,Rest of WA
6430,WA,Rest of WA
6431,WA,Rest of WA
6432,WA,Rest of WA
6434,WA,Rest of WA
6436,WA,Rest of WA
6437,WA,Rest of WA
6438,WA,Rest of WA
6440,WA,Rest of WA
6442,WA,Rest of WA
6443,WA,Rest of WA
6445,WA,Rest of WA
6446,WA,Rest of WA
6447,WA,Rest of WA
6448,WA,Rest of WA
6450,WA,Rest of WA
6452,WA,Rest of WA
6460,WA,Rest of WA
6461,WA,Rest of WA
6462,WA,Rest of WA
6463,WA,Rest of WA
6465,WA,Rest of WA
6466,WA,Rest of WA
6467,WA,Rest of WA
6468,WA,Rest of WA
6470,WA,Rest of WA
6472,WA,Rest of WA
6473,WA,Rest of WA
6475,WA,Rest of WA
6476,WA,Rest of WA
6477,WA,Rest of WA
6479,WA,Rest of WA
6480,WA,Rest of WA
6484,WA,Rest of WA
6485,WA,Rest of WA
6487,WA,Rest of WA
6488,WA,Rest of WA
6489,WA,Rest of WA
6490,WA,Rest of WA
6501,WA,Rest of WA
6502,WA,Rest of WA
6503,WA,Rest of WA
6504,WA,Rest of WA
6505,WA,Rest of WA
6506,WA,Rest of WA
6507,WA,Rest of WA
6509,WA,Rest of WA
6510,WA,Rest of WA
6511,WA,Rest of WA
6512,WA,Rest of WA
6513,WA,Rest of WA
6514,WA,Rest of WA
6515,WA,Rest of WA
6516,WA,Rest of WA
6517,WA,Rest of WA
6518,WA,Rest of WA
6519,WA,Rest of WA
6521,WA,Rest of WA
6522,WA,Rest of WA
6525,WA,Rest of WA
6528,WA,Rest of WA
6530,WA,Rest of WA
6532,WA,Rest of WA
6535,WA,Rest of WA
6536,WA,Rest of WA
6537,WA,Rest of WA
6556,WA,Perth
6558,WA,Perth
6560,WA,Rest of WA
6562,WA,Rest of WA
6564,WA,Rest of WA
6566,WA,Rest of WA
6567,WA,Rest of WA
6568,WA,Rest of WA
6569,WA,Rest of WA
6571,WA,Rest of WA
6572,WA,Rest of WA
6574,WA,Rest of WA
6575,WA,Rest of WA
6603,WA,Rest of WA
6605,WA,Rest of WA
6606,WA,Rest of WA
6608,WA,Rest of WA
6609,WA,Rest of WA
6612,WA,Rest of WA
6613,WA,Rest of WA
6614,WA,Rest of WA
6616,WA,Rest of WA
6620,WA,Rest of WA
6623,WA,Rest of WA
6625,WA,Rest of WA
6627,WA,Rest of WA
6628,WA,Rest of WA
6630,WA,Rest of WA
6631,WA,Rest of WA
6632,WA,Rest of WA
6635,WA,Rest of WA
6638,WA,Rest of WA
6639,WA,Rest of WA
6640,WA,Rest of WA
6642,WA,Rest of WA
6646,WA,Rest of WA
6701,WA,Rest of WA
6705,WA,Rest of WA
6707,WA,Rest of WA
6710,WA,Rest of WA
6711,WA,Rest of WA
6712,WA,Rest of WA
6713,WA,Rest of WA
6714,WA,Rest of WA
6716,WA,Rest of WA
6718,WA,Rest of WA
6720,WA,Rest of WA
6721,WA,Rest of WA
6722,WA,Rest of WA
6725,WA,Rest of WA
6726,WA,Rest of WA
6728,WA,Rest of WA
6740,WA,Rest of WA
6743,WA,Rest of WA
6751,WA,Rest of WA
6753,WA,Rest of WA
6754,WA,Rest of WA
6758,WA,Rest of WA
6760,WA,Rest of WA
6762,WA,Rest of WA
6765,WA,Rest of WA
6770,WA,Rest of WA
7000,TAS,Hobart
7004,TAS,Hobart
7005,TAS,Hobart
7007,TAS,Hobart
7008,TAS,Hobart
7009,TAS,Hobart
7010,TAS,Hobart
7011,TAS,Hobart
7012,TAS,Hobart
7015,TAS,Hobart
7016,TAS,Hobart
7017,TAS,Hobart
7018,TAS,Hobart
7019,TAS,Hobart
7020,TAS,Hobart
7021,TAS,Hobart
7022,TAS,Hobart
7023,TAS,Hobart
7024,TAS,Hobart
7025,TAS,Hobart
7026,TAS,Hobart
7027,TAS,Rest of TAS
7030,TAS,Hobart
7050,TAS,Hobart
7052,TAS,Hobart
7053,TAS,Hobart
7054,TAS,Rest of TAS
7055,TAS,Hobart
7109,TAS,Rest of TAS
7112,TAS,Rest of TAS
7113,TAS,Rest of TAS
7116,TAS,Rest of TAS
7117,TAS,Rest of TAS
7119,TAS,Rest of TAS
7120,TAS,Rest of TAS
7140,TAS,Rest of TAS
7150,TAS,Rest of TAS
7155,TAS,Rest of TAS
7162,TAS,Rest of TAS
7163,TAS,Rest of TAS
7170,TAS,Hobart
7171,TAS,Hobart
7172,TAS,Hobart
7173,TAS,Hobart
7174,TAS,Hobart
7175,TAS,Hobart
7176,TAS,Hobart
7177,TAS,Hobart
7178,TAS,Rest of TAS
7179,TAS,Rest of TAS
7180,TAS,Rest of TAS
7182,TAS,Rest of TAS
7183,TAS,Rest of TAS
7184,TAS,Rest of TAS
7185,TAS,Rest of TAS
7186,TAS,Rest of TAS
7187,TAS,Rest of TAS
7190,TAS,Rest of TAS
7209,TAS,Rest of TAS
7210,TAS,Rest of TAS
7211,TAS,Rest of TAS
7212,TAS,Rest of TAS
7213,TAS,Rest of TAS
7214,TAS,Rest of TAS
7215,TAS,Rest of TAS
7216,TAS,Rest of TAS
7248,TAS,Rest of TAS
7249,TAS,Rest of TAS
7250,TAS,Rest of TAS
7252,TAS,Rest of TAS
7253,TAS,Rest of TAS
7254,TAS,Rest of TAS
7255,TAS,Rest of TAS
7256,TAS,Rest of TAS
7257,TAS,Rest of TAS
7258,TAS,Rest of TAS
7259,TAS,Rest of TAS
7260,TAS,Rest of TAS
7261,TAS,Rest of TAS
7262,TAS,Rest of TAS
7263,TAS,Rest of TAS
7264,TAS,Rest of TAS
7265,TAS,Rest of TAS
7267,TAS,Rest of TAS
7268,TAS,Rest of TAS
7270,TAS,Rest of TAS
7275,TAS,Rest of TAS
7276,TAS,Rest of TAS
7277,TAS,Rest of TAS
7290,TAS,Rest of TAS
7291,TAS,Rest of TAS
7292,TAS,Rest of TAS
7300,TAS,Rest of TAS
7301,TAS,Rest of TAS
7302,TAS,Rest of TAS
7303,TAS,Rest of TAS
7304,TAS,Rest of TAS
7305,TAS,Rest of TAS
7306,TAS,Rest of TAS
7307,TAS,Rest of TAS
7310,TAS,Rest of TAS
7315,TAS,Rest of TAS
7316,TAS,Rest of TAS
7320,TAS,Rest of TAS
7321,TAS,Rest of TAS
7322,TAS,Rest of TAS
7325,TAS,Rest of TAS
7330,TAS,Rest of TAS
7331,TAS,Rest of TAS
7466,TAS,Rest of TAS
7467,TAS,Rest of TAS
7468,TAS,Rest of TAS
7469,TAS,Rest of TAS
